respondent_id,age,gender,location,education,group,enrolled,last_update,level,number_check,time_spent_in_treatment_or_control,pre_positive_affect,pre_negative_affect,post_positive_affect,post_negative_affect,pre_interested,post_interested,pre_distressed,post_distressed,pre_excited,post_excited,pre_upset,post_upset,pre_strong,post_strong,pre_guilty,post_guilty,pre_scared,post_scared,pre_hostile,post_hostile,pre_ethusiastic,post_ethusiastic,pre_proud,post_proud,pre_irritable,post_irritable,pre_alert,post_alert,pre_ashamed,post_ashamed,pre_inspired,post_inspired,pre_nervous,post_nervous,pre_determined,post_determined,pre_attentive,post_attentive,pre_jittery,post_jittery,pre_active,post_active,pre_afraid,post_afraid
24,26,female,United States,5,ROO,2018-11-17 01:18:38.708246+00:00,2018-11-17 01:21:51.608501+00:00,7,0,0,26,27,26,18,3,2,3,2,1,2,2,2,3,4,3,2,3,2,2,1,1,2,1,2,5,2,4,3,2,2,2,2,3,3,4,4,4,3,2,0,3,2,2,2
25,25,male,United States,5,RO,2018-11-17 01:22:27.974986+00:00,2018-11-17 01:23:18.119645+00:00,6,0,0,0,0,0,0,0,0,0,0,0,0,0,0,0,0,0,0,0,0,0,0,0,0,0,0,0,0,0,0,0,0,0,0,0,0,0,0,0,0,0,0,0,0,0,0
26,25,female,United States,5,RO,2018-11-17 01:32:38.782377+00:00,2018-11-17 01:36:05.459238+00:00,7,0,0,0,0,24,11,0,2,0,2,0,3,0,1,0,1,0,1,0,1,0,1,0,4,0,2,0,1,0,2,0,1,0,1,0,1,0,2,0,3,0,1,0,4,0,1
27,32,male,Kenya,4,ROXO,2018-11-17 01:46:18.703943+00:00,2018-11-17 01:46:18.917251+00:00,2,0,0,0,0,0,0,0,0,0,0,0,0,0,0,0,0,0,0,0,0,0,0,0,0,0,0,0,0,0,0,0,0,0,0,0,0,0,0,0,0,0,0,0,0,0,0
28,28,female,United States,4,ROXO,2018-11-17 01:47:34.454053+00:00,2018-11-17 01:53:51.607042+00:00,6,0,238.225232,42,22,0,0,4,0,4,0,5,0,3,0,5,0,2,0,1,0,1,0,5,0,2,0,3,0,4,0,1,0,5,0,4,0,5,0,3,0,1,0,4,0,2,0
29,30,female,United States,4,ROO,2018-11-17 01:57:46.015614+00:00,2018-11-17 02:00:18.067241+00:00,7,0,0,44,23,46,24,4,5,3,2,4,5,2,2,5,4,1,1,2,2,2,2,4,5,4,4,3,4,4,5,1,1,5,3,5,4,5,5,4,5,3,4,5,5,1,2
30,36,male,Kenya,4,RO,2018-11-17 03:07:01.091136+00:00,2018-11-17 03:13:46.047357+00:00,7,0,0,0,0,24,26,0,2,0,3,0,3,0,3,0,2,0,4,0,3,0,2,0,2,0,2,0,2,0,3,0,2,0,2,0,2,0,3,0,2,0,2,0,3,0,3
31,27,male,United States,4,ROXO,2018-11-17 03:46:12.767672+00:00,2018-11-17 03:57:52.832488+00:00,7,0,447.386354,31,15,30,21,3,3,3,3,3,3,1,3,4,3,2,3,1,1,1,1,3,3,3,3,1,2,3,3,1,3,2,3,2,2,4,3,3,3,1,1,3,3,2,2
32,29,male,Kenya,5,ROXO,2018-11-17 03:56:25.544474+00:00,2018-11-17 03:56:25.773256+00:00,2,0,0,0,0,0,0,0,0,0,0,0,0,0,0,0,0,0,0,0,0,0,0,0,0,0,0,0,0,0,0,0,0,0,0,0,0,0,0,0,0,0,0,0,0,0,0
33,23,male,Kenya,1,ROO,2018-11-17 04:03:40.900200+00:00,2018-11-17 04:20:50.586140+00:00,7,0,0,28,22,27,15,3,4,2,2,4,3,2,2,3,3,3,1,2,1,1,2,3,3,2,3,4,1,2,1,2,2,4,3,2,1,3,2,3,2,2,1,1,3,2,2
34,34,male,Kenya,4,ROXO,2018-11-17 04:18:55.500811+00:00,2018-11-17 04:21:54.339879+00:00,2,0,0,0,0,0,0,0,0,0,0,0,0,0,0,0,0,0,0,0,0,0,0,0,0,0,0,0,0,0,0,0,0,0,0,0,0,0,0,0,0,0,0,0,0,0,0
35,23,female,United States,1,ROXO,2018-11-17 04:27:14.830550+00:00,2018-11-17 05:14:52.274705+00:00,7,7,2646.046636,29,23,32,18,3,3,3,1,2,3,2,2,4,4,1,1,5,4,2,2,2,3,4,4,1,1,3,3,1,1,3,3,2,2,2,3,3,3,2,2,3,3,4,2
36,32,male,Kenya,5,ROXO,2018-11-17 05:17:43.359763+00:00,2018-11-17 05:23:46.987133+00:00,7,0,96.24822,31,17,24,13,4,0,1,1,3,3,1,1,3,2,1,1,2,1,1,1,3,1,2,2,2,1,3,4,1,2,3,2,4,2,4,4,4,4,1,1,2,2,3,2
37,29,female,Kenya,5,ROO,2018-11-17 05:46:49.416065+00:00,2018-11-17 05:53:38.528661+00:00,7,0,0,30,12,29,10,4,3,1,1,3,3,1,1,2,3,1,1,1,1,2,1,2,3,3,3,2,1,4,3,1,1,3,3,1,1,4,3,3,2,1,1,2,3,1,1
38,33,female,United States,5,ROO,2018-11-17 07:31:07.329831+00:00,2018-11-17 07:35:31.127330+00:00,7,0,0,43,17,43,16,5,4,2,1,4,4,1,3,5,5,2,1,3,2,1,1,4,4,5,5,2,2,4,4,1,1,4,5,2,2,4,4,4,4,1,1,4,4,2,2
39,58,male,Kenya,2,ROXO,2018-11-17 09:33:36.913801+00:00,2018-11-17 09:36:24.210203+00:00,6,0,37.812433,35,25,0,0,3,0,3,0,3,0,2,0,4,0,1,0,2,0,4,0,4,0,3,0,2,0,4,0,2,0,4,0,3,0,4,0,3,0,3,0,3,0,3,0
40,39,male,Kenya,5,ROO,2018-11-17 10:55:39.255361+00:00,2018-11-17 10:59:51.627353+00:00,7,0,0,19,42,19,38,2,2,5,5,1,1,5,5,2,2,1,1,5,5,2,1,1,2,1,1,4,5,4,2,5,1,1,2,5,5,1,2,4,3,5,5,2,2,5,5
41,27,male,Kenya,4,ROO,2018-11-17 11:21:09.360701+00:00,2018-11-17 11:26:57.154091+00:00,7,0,0,35,15,34,13,4,4,2,2,4,3,3,2,3,3,1,1,1,1,1,1,4,3,2,3,1,1,4,4,1,1,4,4,3,1,4,3,3,4,1,2,3,3,1,1
42,30,female,United States,5,ROXO,2018-11-17 19:56:59.460475+00:00,2018-11-17 20:02:16.054874+00:00,7,7,197.321768,25,37,28,33,3,4,4,5,2,2,4,4,3,3,1,1,5,4,4,5,2,1,2,3,5,5,4,3,1,1,2,3,4,3,3,3,3,3,4,1,1,3,5,4
43,26,female,United States,5,RO,2018-11-17 20:03:09.846675+00:00,2018-11-17 20:03:40.444884+00:00,6,0,0,0,0,0,0,0,0,0,0,0,0,0,0,0,0,0,0,0,0,0,0,0,0,0,0,0,0,0,0,0,0,0,0,0,0,0,0,0,0,0,0,0,0,0,0
44,30,female,United States,5,ROXO,2018-11-17 20:04:21.217754+00:00,2018-11-17 20:05:27.762176+00:00,4,0,0,26,14,0,0,3,0,1,0,3,0,1,0,2,0,1,0,2,0,1,0,3,0,2,0,2,0,3,0,1,0,2,0,2,0,3,0,3,0,1,0,2,0,2,0
45,42,male,United States,5,RO,2018-11-17 20:22:39.466785+00:00,2018-11-17 20:25:09.052666+00:00,7,0,0,0,0,18,10,0,3,0,1,0,2,0,1,0,1,0,1,0,1,0,1,0,1,0,2,0,1,0,3,0,1,0,1,0,1,0,1,0,3,0,1,0,1,0,1
46,26,female,United States,5,ROO,2018-11-17 20:30:59.698959+00:00,2018-11-17 20:34:55.351659+00:00,7,0,0,17,15,15,12,2,1,2,1,3,3,1,1,1,1,1,1,2,1,1,1,2,2,1,1,1,1,2,2,1,1,2,1,3,3,1,1,2,2,2,1,1,1,1,1
47,27,male,United States,5,ROO,2018-11-17 20:35:21.096372+00:00,2018-11-17 20:39:26.416410+00:00,7,0,0,33,18,32,13,5,5,2,2,4,3,4,2,3,3,1,1,1,1,1,1,2,4,2,2,3,1,4,3,1,1,3,3,3,2,3,3,3,3,1,1,4,3,1,1
48,27,female,United States,4,RXO,2018-11-17 21:00:02.762348+00:00,2018-11-17 21:01:48.558796+00:00,4,0,0,0,0,0,0,0,0,0,0,0,0,0,0,0,0,0,0,0,0,0,0,0,0,0,0,0,0,0,0,0,0,0,0,0,0,0,0,0,0,0,0,0,0,0,0
49,25,male,United States,4,ROXO,2018-11-17 21:41:30.611569+00:00,2018-11-17 21:41:30.790527+00:00,2,0,0,0,0,0,0,0,0,0,0,0,0,0,0,0,0,0,0,0,0,0,0,0,0,0,0,0,0,0,0,0,0,0,0,0,0,0,0,0,0,0,0,0,0,0,0
50,99,female,United States,1,ROXO,2018-11-17 21:53:04.543460+00:00,2018-11-17 21:53:04.725776+00:00,2,0,0,0,0,0,0,0,0,0,0,0,0,0,0,0,0,0,0,0,0,0,0,0,0,0,0,0,0,0,0,0,0,0,0,0,0,0,0,0,0,0,0,0,0,0,0
51,25,male,India,5,RXO,2018-11-17 21:54:37.317216+00:00,2018-11-17 21:56:04.634296+00:00,5,0,0,0,0,0,0,0,0,0,0,0,0,0,0,0,0,0,0,0,0,0,0,0,0,0,0,0,0,0,0,0,0,0,0,0,0,0,0,0,0,0,0,0,0,0,0
52,25,male,India,5,RO,2018-11-17 21:56:22.216869+00:00,2018-11-17 21:57:38.711887+00:00,6,0,0,0,0,0,0,0,0,0,0,0,0,0,0,0,0,0,0,0,0,0,0,0,0,0,0,0,0,0,0,0,0,0,0,0,0,0,0,0,0,0,0,0,0,0,0
53,29,male,United States,5,RO,2018-11-17 22:22:02.013427+00:00,2018-11-17 22:25:35.802046+00:00,7,0,0,0,0,13,11,0,4,0,1,0,1,0,1,0,1,0,1,0,1,0,1,0,1,0,1,0,2,0,1,0,1,0,1,0,1,0,1,0,1,0,1,0,1,0,1
54,25,male,United States,4,ROXO,2018-11-17 22:31:26.931533+00:00,2018-11-17 22:41:17.518932+00:00,7,7,435.958934,35,21,39,17,4,4,3,1,3,3,2,1,3,4,1,1,4,4,1,1,4,4,3,4,1,4,3,4,1,1,4,4,2,1,4,4,4,4,3,2,3,4,3,1
55,25,female,United States,5,ROXO,2018-11-17 23:07:44.908477+00:00,2018-11-17 23:10:52.605573+00:00,6,0,23.353872,34,22,0,0,3,0,2,0,4,0,3,0,4,0,2,0,2,0,1,0,3,0,4,0,4,0,4,0,2,0,2,0,3,0,3,0,4,0,1,0,3,0,2,0
56,26,male,United States,5,ROXO,2018-11-17 23:17:40.664691+00:00,2018-11-17 23:34:52.388261+00:00,7,7,145.123916,41,16,39,12,4,4,1,1,5,4,1,1,4,4,1,1,2,1,1,1,4,4,3,3,1,1,4,4,1,1,4,4,3,1,5,4,4,4,3,3,4,4,2,1
57,24,male,United States,4,ROO,2018-11-17 23:20:46.330750+00:00,2018-11-17 23:20:46.523627+00:00,2,0,0,0,0,0,0,0,0,0,0,0,0,0,0,0,0,0,0,0,0,0,0,0,0,0,0,0,0,0,0,0,0,0,0,0,0,0,0,0,0,0,0,0,0,0,0
58,26,female,United States,5,ROXO,2018-11-18 00:06:44.772427+00:00,2018-11-18 00:19:16.460732+00:00,7,7,480.248972,21,19,19,21,3,2,3,2,3,2,2,4,1,3,1,1,2,3,1,1,2,1,3,1,2,4,2,2,1,1,2,1,3,2,2,3,2,2,2,1,1,2,2,2
59,33,male,United States,5,RXO,2018-11-18 00:29:27.591362+00:00,2018-11-18 00:38:22.889304+00:00,7,7,162.18537,0,0,18,16,0,2,0,2,0,2,0,1,0,2,0,2,0,1,0,2,0,2,0,2,0,3,0,1,0,1,0,1,0,1,0,2,0,2,0,1,0,2,0,2
60,26,female,United States,5,ROXO,2018-11-18 00:41:54.306898+00:00,2018-11-18 00:50:35.637991+00:00,7,7,412.815054,27,18,28,18,3,3,3,2,3,1,2,3,3,3,1,1,1,1,1,2,3,3,1,3,3,3,3,2,1,1,3,4,2,2,2,3,2,3,2,2,4,3,2,1
61,30,male,United States,5,ROO,2018-11-18 02:22:46.786673+00:00,2018-11-18 02:27:55.925504+00:00,7,0,0,27,12,17,15,4,3,1,2,3,2,1,2,2,1,1,1,2,1,1,2,2,1,4,1,1,3,1,1,1,1,3,1,2,1,4,3,3,3,1,1,1,1,1,1
62,27,male,United States,5,RO,2018-11-18 02:27:00.137551+00:00,2018-11-18 02:27:00.434094+00:00,3,0,0,0,0,0,0,0,0,0,0,0,0,0,0,0,0,0,0,0,0,0,0,0,0,0,0,0,0,0,0,0,0,0,0,0,0,0,0,0,0,0,0,0,0,0,0
63,23,female,India,4,ROO,2018-11-18 03:21:58.960649+00:00,2018-11-18 03:22:07.682477+00:00,2,0,0,0,0,0,0,0,0,0,0,0,0,0,0,0,0,0,0,0,0,0,0,0,0,0,0,0,0,0,0,0,0,0,0,0,0,0,0,0,0,0,0,0,0,0,0
64,23,female,Kenya,4,ROO,2018-11-18 03:22:12.587200+00:00,2018-11-18 03:22:12.762662+00:00,2,0,0,0,0,0,0,0,0,0,0,0,0,0,0,0,0,0,0,0,0,0,0,0,0,0,0,0,0,0,0,0,0,0,0,0,0,0,0,0,0,0,0,0,0,0,0
65,23,female,United States,4,ROO,2018-11-18 03:22:20.430754+00:00,2018-11-18 03:22:20.716986+00:00,2,0,0,0,0,0,0,0,0,0,0,0,0,0,0,0,0,0,0,0,0,0,0,0,0,0,0,0,0,0,0,0,0,0,0,0,0,0,0,0,0,0,0,0,0,0,0
66,31,male,India,4,ROXO,2018-11-18 04:13:30.142353+00:00,2018-11-18 04:24:30.341425+00:00,7,7,432.632028,48,15,50,13,5,5,2,1,5,5,3,2,5,5,1,1,1,1,1,1,5,5,3,5,2,2,5,5,1,1,5,5,2,1,5,5,5,5,1,2,5,5,1,1
67,36,male,Kenya,5,ROO,2018-11-18 04:13:47.053722+00:00,2018-11-18 04:17:09.133560+00:00,7,0,0,29,21,14,10,4,2,3,1,4,1,2,1,2,1,1,1,2,1,2,1,4,2,3,1,4,1,3,2,1,1,2,1,2,1,3,1,3,2,2,1,1,1,2,1
68,29,female,India,4,RXO,2018-11-18 04:27:00.203617+00:00,2018-11-18 04:29:13.384100+00:00,3,0,-11.819935,0,0,0,0,0,0,0,0,0,0,0,0,0,0,0,0,0,0,0,0,0,0,0,0,0,0,0,0,0,0,0,0,0,0,0,0,0,0,0,0,0,0,0,0
69,24,male,United States,5,ROO,2018-11-18 05:06:45.241383+00:00,2018-11-18 05:10:16.867970+00:00,7,0,0,29,29,36,26,3,3,4,3,2,3,4,3,4,4,3,2,4,2,3,3,2,4,4,4,4,3,3,4,1,2,3,3,2,3,2,3,3,4,2,3,3,4,2,2
70,25,male,India,5,RXO,2018-11-18 05:36:21.552642+00:00,2018-11-18 05:44:35.690096+00:00,7,7,431.603718,0,0,18,17,0,1,0,1,0,1,0,1,0,3,0,1,0,1,0,1,0,2,0,4,0,4,0,1,0,5,0,1,0,1,0,1,0,3,0,1,0,1,0,1
71,29,female,India,4,RXO,2018-11-18 05:38:53.900076+00:00,2018-11-20 05:23:24.040702+00:00,4,0,-171805.884524,0,0,0,0,0,0,0,0,0,0,0,0,0,0,0,0,0,0,0,0,0,0,0,0,0,0,0,0,0,0,0,0,0,0,0,0,0,0,0,0,0,0,0,0
72,29,female,India,4,ROXO,2018-11-18 05:39:47.058182+00:00,2018-11-18 05:43:39.894567+00:00,4,0,0,32,16,0,0,4,0,1,0,4,0,3,0,3,0,2,0,1,0,1,0,4,0,1,0,2,0,4,0,1,0,3,0,2,0,4,0,3,0,1,0,2,0,2,0
73,34,male,India,4,ROXO,2018-11-18 06:06:27.829012+00:00,2018-11-18 06:13:25.060321+00:00,4,0,0,14,25,0,0,2,0,3,0,2,0,3,0,1,0,1,0,3,0,3,0,2,0,1,0,5,0,2,0,1,0,1,0,1,0,1,0,2,0,2,0,0,0,3,0
74,26,female,India,4,ROO,2018-11-18 06:14:32.938937+00:00,2018-11-18 06:17:54.918662+00:00,7,0,0,35,30,33,26,3,3,3,2,2,3,4,2,3,3,5,5,3,4,1,1,3,3,3,3,1,1,4,4,5,5,4,3,1,1,3,4,5,4,3,1,5,3,4,4
75,23,male,United States,4,ROO,2018-11-18 06:38:17.619645+00:00,2018-11-18 20:04:12.241953+00:00,7,0,0,16,29,22,24,2,3,4,4,0,1,1,1,1,3,1,1,3,2,1,1,3,2,1,2,4,4,2,2,4,1,1,1,4,4,2,3,1,2,2,3,3,3,5,3
76,29,male,Kenya,5,ROXO,2018-11-18 06:42:02.764760+00:00,2018-11-18 06:53:21.374431+00:00,7,7,462.789844,41,27,23,17,4,4,3,2,4,2,2,2,5,3,3,2,4,2,1,1,3,1,2,3,1,1,5,2,3,2,5,2,4,2,4,1,4,3,2,2,5,2,4,1
77,25,male,United States,4,ROXO,2018-11-18 08:22:54.085685+00:00,2018-11-18 08:28:52.504187+00:00,7,0,255.29985,42,14,45,19,4,4,2,1,4,5,1,2,5,5,1,4,2,1,1,1,4,5,3,5,2,4,4,4,1,1,4,5,1,2,5,4,4,4,1,2,5,4,2,1
78,34,male,India,4,ROO,2018-11-18 08:46:45.783368+00:00,2018-11-18 08:46:46.345603+00:00,2,0,0,0,0,0,0,0,0,0,0,0,0,0,0,0,0,0,0,0,0,0,0,0,0,0,0,0,0,0,0,0,0,0,0,0,0,0,0,0,0,0,0,0,0,0,0
79,26,female,India,4,ROO,2018-11-18 09:12:58.954653+00:00,2018-11-18 09:20:50.953636+00:00,7,0,0,22,30,20,20,3,2,4,2,3,3,2,2,2,1,2,2,5,1,2,5,3,1,2,1,4,2,2,2,2,2,1,2,3,2,1,3,4,3,2,1,1,2,4,1
80,26,male,India,4,ROO,2018-11-18 15:30:57.273926+00:00,2018-11-18 15:36:49.430463+00:00,7,0,0,34,16,31,10,3,3,1,1,2,2,2,1,3,3,1,1,1,1,2,1,3,3,2,2,2,1,4,4,1,1,5,3,4,1,4,3,5,5,1,1,3,3,1,1
81,28,male,United States,2,ROXO,2018-11-18 18:57:34.963892+00:00,2018-11-18 19:06:41.624730+00:00,7,7,419.203166,32,22,29,18,4,3,2,1,3,3,2,2,3,3,2,2,2,1,4,2,3,3,3,3,2,2,3,2,2,2,4,3,2,2,4,3,3,3,2,2,2,3,2,2
82,30,female,United States,4,RXO,2018-11-18 20:09:05.773931+00:00,2018-11-18 20:17:03.981312+00:00,7,0,437.205481,0,0,16,37,0,1,0,4,0,1,0,4,0,1,0,1,0,5,0,5,0,1,0,1,0,3,0,3,0,3,0,1,0,5,0,1,0,3,0,2,0,3,0,5
83,27,male,United States,5,ROXO,2018-11-18 20:29:54.521971+00:00,2018-11-18 20:39:13.538800+00:00,7,7,453.950522,35,23,25,31,4,2,3,4,4,1,2,4,3,3,2,1,2,3,2,4,4,2,4,3,2,4,3,3,2,3,4,2,3,3,4,4,2,2,3,2,3,3,2,3
84,45,male,United States,5,ROXO,2018-11-18 23:46:58.451819+00:00,2018-11-19 00:02:44.856178+00:00,7,7,497.872974,38,10,36,10,2,4,1,1,3,3,1,1,4,4,1,1,1,1,1,1,4,3,3,4,1,1,5,5,1,1,4,4,1,1,4,0,5,5,1,1,4,4,1,1
85,31,female,United States,5,RO,2018-11-19 00:20:32.605893+00:00,2018-11-19 00:21:38.399317+00:00,7,0,0,0,0,15,10,0,2,0,1,0,1,0,1,0,1,0,1,0,1,0,1,0,2,0,1,0,1,0,3,0,1,0,1,0,1,0,1,0,1,0,1,0,2,0,1
86,49,male,United States,4,RXO,2018-11-19 00:44:20.156778+00:00,2018-11-19 00:52:44.443654+00:00,7,7,467.093449,0,0,21,14,0,3,0,2,0,2,0,3,0,2,0,1,0,1,0,1,0,1,0,1,0,1,0,3,0,1,0,1,0,1,0,3,0,3,0,2,0,2,0,1
87,27,male,United States,5,ROXO,2018-11-19 01:12:03.499656+00:00,2018-11-19 01:14:46.880568+00:00,5,0,16.710502,25,30,0,0,3,0,4,0,2,0,3,0,2,0,1,0,4,0,1,0,3,0,2,0,3,0,2,0,3,0,2,0,4,0,4,0,3,0,5,0,2,0,2,0
88,26,female,United States,5,RXO,2018-11-19 04:47:25.035857+00:00,2018-11-19 04:57:17.166517+00:00,7,7,426.743245,0,0,25,12,0,2,0,1,0,1,0,1,0,4,0,1,0,1,0,2,0,1,0,4,0,1,0,4,0,1,0,1,0,1,0,2,0,4,0,2,0,2,0,1
89,29,female,United States,5,RO,2018-11-19 04:50:07.383644+00:00,2018-11-19 04:51:30.380649+00:00,7,0,0,0,0,10,10,0,1,0,1,0,1,0,1,0,1,0,1,0,1,0,1,0,1,0,1,0,1,0,1,0,1,0,1,0,1,0,1,0,1,0,1,0,1,0,1
90,40,male,United States,5,ROXO,2018-11-19 05:32:17.365409+00:00,2018-11-19 05:42:13.203164+00:00,7,7,488.962772,31,18,30,16,3,3,2,2,2,3,1,2,4,3,3,1,1,1,3,3,3,3,4,3,2,1,3,3,3,3,2,3,1,1,3,3,3,3,1,1,4,3,1,1
91,21,male,United States,4,ROO,2018-11-19 06:30:43.477381+00:00,2018-11-19 06:34:25.814634+00:00,7,0,0,26,10,22,10,5,5,1,1,5,1,1,1,2,3,1,1,1,1,1,1,5,2,1,1,1,1,1,1,1,1,3,3,1,1,2,1,1,3,1,1,1,2,1,1
92,22,female,Kenya,4,RO,2018-11-19 06:55:03.969052+00:00,2018-11-19 06:57:33.273283+00:00,7,0,0,0,0,44,20,0,4,0,2,0,1,0,1,0,5,0,2,0,2,0,1,0,5,0,5,0,2,0,4,0,1,0,5,0,4,0,5,0,5,0,4,0,5,0,1
93,28,female,Kenya,5,ROO,2018-11-19 07:11:07.072428+00:00,2018-11-19 07:14:34.657179+00:00,7,0,0,46,16,41,10,4,3,1,1,5,4,2,1,5,5,1,1,1,1,1,1,5,4,5,4,2,1,3,3,1,1,5,4,3,1,5,5,4,5,2,1,5,4,2,1
94,29,male,Kenya,4,RO,2018-11-19 07:56:10.123760+00:00,2018-11-19 07:59:08.339877+00:00,7,0,0,0,0,35,14,0,5,0,1,0,3,0,1,0,4,0,1,0,1,0,1,0,3,0,1,0,1,0,4,0,1,0,3,0,4,0,4,0,4,0,1,0,4,0,2
95,26,female,Kenya,4,ROXO,2018-11-19 08:25:28.736148+00:00,2018-11-19 08:31:28.411500+00:00,7,0,226.2492,32,19,10,10,4,1,1,1,3,1,1,1,4,1,1,1,4,1,2,1,4,1,1,1,2,1,2,1,1,1,4,1,4,1,5,1,2,1,2,1,3,1,1,1
96,29,female,Kenya,4,RXO,2018-11-19 10:17:35.384826+00:00,2018-11-19 10:18:25.260593+00:00,4,0,0,0,0,0,0,0,0,0,0,0,0,0,0,0,0,0,0,0,0,0,0,0,0,0,0,0,0,0,0,0,0,0,0,0,0,0,0,0,0,0,0,0,0,0,0
97,26,female,India,5,ROXO,2018-11-19 10:50:19.467891+00:00,2018-11-19 11:01:25.877634+00:00,7,7,427.724711,24,23,10,10,3,1,4,1,5,1,4,1,3,1,1,1,4,1,1,1,1,1,1,1,1,1,3,1,1,1,3,1,2,1,1,1,3,1,1,1,1,1,4,1
98,29,female,Kenya,4,ROO,2018-11-19 14:04:46.675519+00:00,2018-11-19 14:07:26.751699+00:00,7,0,0,41,11,36,14,3,2,1,1,4,3,1,4,4,5,2,1,1,1,1,1,4,2,3,3,1,2,5,5,1,1,5,4,1,1,5,5,5,3,1,1,3,4,1,1
99,30,male,Kenya,4,ROXO,2018-11-19 17:15:08.292027+00:00,2018-11-19 17:33:29.951171+00:00,7,7,777.687645,42,21,33,22,3,3,2,2,5,3,2,2,5,3,1,2,2,2,1,2,5,4,5,3,2,3,3,3,2,3,4,3,2,2,5,4,3,3,5,2,4,4,2,2
100,24,male,Kenya,3,ROXO,2018-11-19 17:38:38.009711+00:00,2018-11-19 17:39:47.872968+00:00,2,0,0,0,0,0,0,0,0,0,0,0,0,0,0,0,0,0,0,0,0,0,0,0,0,0,0,0,0,0,0,0,0,0,0,0,0,0,0,0,0,0,0,0,0,0,0
101,32,female,United States,4,ROXO,2018-11-19 17:47:01.499317+00:00,2018-11-19 17:56:58.923598+00:00,7,7,453.986538,43,21,44,25,5,5,3,3,3,3,4,3,4,5,1,1,2,3,1,3,5,3,4,5,2,4,5,5,2,1,4,4,2,3,5,5,5,5,2,1,3,4,2,3
102,30,female,Kenya,4,ROXO,2018-11-19 18:31:12.068145+00:00,2018-11-19 18:42:04.185820+00:00,2,0,0,45,29,0,0,5,0,4,0,5,0,4,0,4,0,5,0,1,0,2,0,3,0,5,0,4,0,5,0,4,0,3,0,2,0,5,0,5,0,1,0,5,0,2,0
103,29,male,United States,5,RO,2018-11-19 23:31:34.565013+00:00,2018-11-19 23:32:44.727130+00:00,6,0,0,0,0,0,0,0,0,0,0,0,0,0,0,0,0,0,0,0,0,0,0,0,0,0,0,0,0,0,0,0,0,0,0,0,0,0,0,0,0,0,0,0,0,0,0
104,29,male,Kenya,4,ROO,2018-11-20 03:48:01.100166+00:00,2018-11-20 03:52:49.983889+00:00,7,0,0,46,10,39,10,4,5,1,1,4,4,1,1,3,2,1,1,1,1,1,1,5,3,5,3,1,1,5,5,1,1,5,4,1,1,5,4,5,5,1,1,5,4,1,1
105,29,female,United States,4,RO,2018-11-20 08:40:07.685518+00:00,2018-11-20 08:41:20.545122+00:00,7,0,0,0,0,16,18,0,1,0,2,0,1,0,3,0,2,0,2,0,2,0,1,0,1,0,2,0,2,0,2,0,1,0,2,0,2,0,2,0,2,0,1,0,1,0,2
106,27,male,United States,5,ROXO,2018-11-20 08:56:34.914516+00:00,2018-11-20 09:03:02.773694+00:00,7,0,145.679936,30,18,9,18,3,1,2,1,3,1,2,1,3,1,1,1,1,1,2,5,2,1,1,1,2,5,5,1,1,1,3,0,2,1,4,1,4,1,3,1,2,1,2,1
107,28,female,Kenya,4,RO,2018-11-20 10:18:16.432580+00:00,2018-11-20 10:18:16.683107+00:00,3,0,0,0,0,0,0,0,0,0,0,0,0,0,0,0,0,0,0,0,0,0,0,0,0,0,0,0,0,0,0,0,0,0,0,0,0,0,0,0,0,0,0,0,0,0,0
108,27,female,Kenya,4,ROXO,2018-11-20 15:54:15.533322+00:00,2018-11-20 16:12:23.442249+00:00,7,1,876.942666,33,30,19,10,4,4,4,1,2,1,5,1,3,3,2,1,1,1,4,1,2,2,1,1,5,1,5,1,1,1,2,1,4,1,4,1,5,4,2,1,5,1,2,1
109,45,male,United States,5,ROO,2018-11-20 20:14:01.910359+00:00,2018-11-20 20:15:43.873290+00:00,7,0,0,29,11,24,9,4,3,2,1,3,3,0,1,3,2,1,1,1,1,1,1,3,2,2,2,2,1,3,3,1,1,2,2,1,1,3,2,3,3,1,0,3,2,1,1
110,25,male,Kenya,4,ROO,2018-11-20 21:23:22.706849+00:00,2018-11-20 21:27:46.072064+00:00,7,0,0,44,13,46,14,5,5,2,0,3,3,2,1,5,5,2,3,1,1,1,1,3,5,3,4,1,1,5,5,1,1,5,5,1,1,5,5,5,4,1,1,5,5,1,4
111,29,male,United States,5,ROXO,2018-11-23 08:41:15.339568+00:00,2018-11-23 08:50:01.285049+00:00,7,7,411.286031,24,12,19,13,4,3,1,1,1,1,1,2,1,1,1,1,1,1,1,2,1,1,1,1,2,2,2,2,1,1,5,0,2,1,5,4,1,3,1,1,3,3,1,1
112,29,male,United States,5,ROXO,2018-11-23 13:27:19.219896+00:00,2018-11-23 13:38:12.528204+00:00,7,7,499.506353,28,13,18,11,3,4,1,1,3,1,2,2,4,1,1,1,1,1,1,1,3,1,2,3,1,1,1,1,1,1,3,1,2,1,5,1,1,4,1,1,3,1,2,1
113,26,male,United States,5,ROO,2018-11-24 21:23:22.070581+00:00,2018-11-24 21:27:15.574526+00:00,7,0,0,35,18,26,10,4,3,3,1,3,2,3,1,3,3,1,1,1,1,1,1,3,2,4,2,2,1,4,3,2,1,3,2,2,1,4,4,4,3,1,1,3,2,2,1
114,99,female,United States,1,RXO,2018-11-25 04:22:40.604461+00:00,2018-11-25 04:22:40.774996+00:00,3,0,0,0,0,0,0,0,0,0,0,0,0,0,0,0,0,0,0,0,0,0,0,0,0,0,0,0,0,0,0,0,0,0,0,0,0,0,0,0,0,0,0,0,0,0,0
115,26,male,United States,5,ROXO,2018-11-25 07:15:47.791491+00:00,2018-11-25 07:15:48.049401+00:00,2,0,0,0,0,0,0,0,0,0,0,0,0,0,0,0,0,0,0,0,0,0,0,0,0,0,0,0,0,0,0,0,0,0,0,0,0,0,0,0,0,0,0,0,0,0,0
116,27,male,United States,5,ROXO,2018-11-26 18:50:55.515077+00:00,2018-11-26 21:26:16.335154+00:00,7,7,9177.785505,29,10,26,10,3,3,1,1,2,2,1,1,3,3,1,1,1,1,1,1,2,2,2,3,1,1,3,2,1,1,3,3,1,1,4,3,4,2,1,1,3,3,1,1
117,30,female,United States,5,ROO,2018-11-26 18:53:35.021356+00:00,2018-11-26 18:55:56.394574+00:00,7,0,0,33,33,22,17,4,3,4,2,3,2,4,2,2,2,3,1,4,2,1,1,4,2,3,2,2,1,3,3,3,1,3,1,4,2,3,1,4,3,4,3,4,3,4,2
118,29,female,United States,5,ROXO,2018-11-26 19:16:08.385489+00:00,2018-11-26 19:17:38.901573+00:00,4,0,0,27,16,0,0,4,0,2,0,3,0,2,0,1,0,2,0,1,0,1,0,3,0,1,0,3,0,4,0,1,0,3,0,2,0,4,0,3,0,1,0,1,0,1,0
119,27,female,United States,4,ROO,2018-11-26 20:01:53.141890+00:00,2018-11-26 20:01:53.298197+00:00,2,0,0,0,0,0,0,0,0,0,0,0,0,0,0,0,0,0,0,0,0,0,0,0,0,0,0,0,0,0,0,0,0,0,0,0,0,0,0,0,0,0,0,0,0,0,0
120,24,male,United States,4,ROO,2018-11-26 20:04:52.474431+00:00,2018-11-26 20:06:59.268209+00:00,7,0,0,33,13,20,10,5,3,2,1,2,1,2,1,3,1,1,1,1,1,1,1,3,1,1,1,2,1,5,3,1,1,1,1,1,1,5,3,5,3,1,1,3,3,1,1
121,34,male,United States,5,RXO,2018-11-27 00:08:19.678985+00:00,2018-11-27 00:21:00.804642+00:00,7,7,709.070283,0,0,15,31,0,1,0,2,0,1,0,5,0,1,0,1,0,5,0,1,0,1,0,1,0,2,0,1,0,4,0,1,0,3,0,3,0,4,0,3,0,1,0,5
122,45,male,United States,4,ROO,2018-11-27 04:45:57.384079+00:00,2018-11-27 04:49:14.022864+00:00,7,0,0,18,24,17,21,2,2,3,3,2,2,2,3,1,1,1,1,3,2,2,1,1,3,2,0,3,1,1,1,2,2,1,2,3,3,4,2,3,2,2,2,1,2,3,3
123,29,male,United States,4,ROO,2018-11-27 05:56:00.741491+00:00,2018-11-27 06:15:43.095063+00:00,7,0,0,33,22,33,21,3,3,3,3,3,3,3,1,3,3,1,1,3,3,1,1,3,3,3,3,3,2,5,5,1,1,3,3,3,3,3,3,4,4,1,3,3,3,3,3
124,-26,male,United States,5,ROO,2018-11-27 06:46:21.578925+00:00,2018-11-27 06:50:52.530860+00:00,7,0,0,35,18,35,16,4,3,2,1,4,4,2,1,4,4,1,1,1,1,1,2,4,4,3,3,3,3,3,3,1,1,3,3,2,2,4,4,3,3,3,2,3,4,2,2
125,28,female,Kenya,4,ROO,2018-11-27 08:22:26.835693+00:00,2018-11-27 08:25:58.947144+00:00,7,0,0,34,18,41,10,4,4,2,1,3,4,3,1,4,4,1,1,3,1,2,1,4,4,5,5,3,1,4,4,1,1,2,4,1,1,4,4,0,4,1,1,4,4,1,1
126,29,female,Kenya,4,RO,2018-11-27 08:27:03.573792+00:00,2018-11-27 08:29:23.422702+00:00,7,0,0,0,0,43,21,0,5,0,2,0,4,0,1,0,5,0,1,0,4,0,1,0,4,0,4,0,1,0,5,0,1,0,3,0,3,0,4,0,5,0,3,0,4,0,4
127,29,female,Kenya,4,ROO,2018-11-27 08:30:26.259794+00:00,2018-11-27 08:30:26.475662+00:00,2,0,0,0,0,0,0,0,0,0,0,0,0,0,0,0,0,0,0,0,0,0,0,0,0,0,0,0,0,0,0,0,0,0,0,0,0,0,0,0,0,0,0,0,0,0,0
128,28,female,Kenya,4,ROO,2018-11-27 08:31:00.296668+00:00,2018-11-27 08:34:58.007915+00:00,7,0,0,30,24,33,15,4,3,3,1,3,3,3,1,4,4,1,1,2,1,1,1,3,3,3,3,2,3,3,3,1,1,3,4,5,4,0,4,4,3,5,1,3,3,1,1
129,30,female,Kenya,4,RXO,2018-11-27 08:32:35.733983+00:00,2018-11-27 08:42:43.552590+00:00,7,7,480.482215,0,0,25,22,0,4,0,3,0,1,0,4,0,4,0,1,0,1,0,1,0,2,0,1,0,3,0,4,0,1,0,2,0,3,0,1,0,3,0,2,0,3,0,3
130,28,female,Kenya,5,ROO,2018-11-27 08:38:06.389204+00:00,2018-11-27 08:42:28.111901+00:00,7,0,0,40,29,41,14,5,4,4,2,4,4,4,1,4,4,1,1,3,2,1,1,4,4,3,4,4,1,4,4,3,1,3,4,2,2,5,5,4,4,3,1,4,4,4,2
131,35,male,Kenya,2,ROO,2018-11-27 08:38:26.295920+00:00,2018-11-27 08:43:53.300138+00:00,7,0,0,42,14,46,10,5,5,2,1,3,3,1,1,5,4,1,1,1,1,1,1,4,5,4,5,2,1,3,5,1,1,5,5,2,1,5,5,5,5,2,1,3,4,1,1
132,36,male,Kenya,5,ROO,2018-11-27 08:43:50.717951+00:00,2018-11-27 08:50:52.331503+00:00,7,0,0,33,11,28,10,4,4,1,1,1,2,1,1,3,4,1,1,1,1,1,1,3,4,3,1,2,1,4,4,1,1,3,1,1,1,4,2,4,4,1,1,4,2,1,1
133,23,female,United States,5,ROXO,2018-11-27 08:47:40.123061+00:00,2018-11-27 08:47:40.295673+00:00,2,0,0,0,0,0,0,0,0,0,0,0,0,0,0,0,0,0,0,0,0,0,0,0,0,0,0,0,0,0,0,0,0,0,0,0,0,0,0,0,0,0,0,0,0,0,0
134,28,male,Kenya,4,ROXO,2018-11-27 08:48:41.411338+00:00,2018-11-27 10:00:27.658388+00:00,7,7,593.0437,37,21,32,15,4,4,1,1,3,1,1,4,4,2,4,1,2,2,1,1,4,3,2,1,3,1,4,5,2,1,4,4,2,1,4,4,4,4,2,2,4,4,3,1
135,28,female,Kenya,5,ROXO,2018-11-27 08:51:52.794928+00:00,2018-11-27 09:16:31.094683+00:00,7,7,1223.51553,30,11,21,10,4,2,1,1,3,2,2,1,2,2,1,1,1,1,1,1,2,2,2,2,1,1,5,3,1,1,3,2,1,1,3,3,4,1,1,1,2,2,1,1
136,29,female,Kenya,5,RO,2018-11-27 08:54:29.546792+00:00,2018-11-27 08:56:52.258193+00:00,7,0,0,0,0,39,10,0,5,0,1,0,3,0,1,0,3,0,1,0,1,0,1,0,3,0,4,0,1,0,5,0,1,0,3,0,1,0,5,0,5,0,1,0,3,0,1
137,29,female,Kenya,5,ROO,2018-11-27 08:54:55.557535+00:00,2018-11-27 08:58:55.033693+00:00,7,0,0,35,19,26,15,3,5,1,1,4,3,3,2,3,3,2,1,2,1,1,1,4,3,5,2,1,1,3,1,2,2,5,2,3,3,3,2,4,4,2,1,1,1,2,2
138,29,female,Kenya,5,RO,2018-11-27 09:00:52.781454+00:00,2018-11-27 09:04:15.914140+00:00,7,0,0,0,0,33,17,0,3,0,2,0,4,0,3,0,1,0,1,0,1,0,1,0,4,0,4,0,2,0,5,0,1,0,4,0,4,0,5,0,1,0,1,0,2,0,1
139,44,male,Kenya,5,ROXO,2018-11-27 09:02:21.811097+00:00,2018-11-27 09:09:04.650069+00:00,7,7,273.5779,40,17,42,16,4,4,1,1,3,4,2,1,5,5,1,2,4,2,1,1,4,5,4,4,1,1,4,3,2,2,4,4,2,2,4,4,4,4,1,2,4,5,2,2
140,28,female,Kenya,5,ROXO,2018-11-27 09:05:45.460750+00:00,2018-11-27 09:06:34.323143+00:00,3,0,0,30,31,0,0,3,0,3,0,3,0,3,0,3,0,3,0,3,0,1,0,3,0,1,0,5,0,5,0,4,0,3,0,3,0,3,0,3,0,3,0,3,0,3,0
141,30,female,Kenya,4,ROXO,2018-11-27 10:32:10.328277+00:00,2018-11-27 10:36:26.134299+00:00,7,0,77.578478,43,20,13,10,3,3,2,1,4,1,5,1,4,1,1,1,1,1,2,1,4,1,5,1,5,1,5,2,1,1,4,1,1,1,4,1,5,1,1,1,5,1,1,1
142,29,female,Kenya,5,ROO,2018-11-27 11:13:37.364056+00:00,2018-11-27 11:21:18.912876+00:00,7,0,0,25,18,21,17,2,2,2,3,3,3,2,2,2,1,1,2,3,2,1,1,2,2,1,1,3,2,4,3,1,1,2,1,1,1,3,2,3,3,1,1,3,3,3,2
143,25,male,Kenya,4,ROXO,2018-11-27 11:15:44.700537+00:00,2018-11-27 11:15:45.017669+00:00,2,0,0,0,0,0,0,0,0,0,0,0,0,0,0,0,0,0,0,0,0,0,0,0,0,0,0,0,0,0,0,0,0,0,0,0,0,0,0,0,0,0,0,0,0,0,0
144,28,male,Kenya,4,ROXO,2018-11-27 11:53:53.146920+00:00,2018-11-27 11:53:53.339411+00:00,2,0,0,0,0,0,0,0,0,0,0,0,0,0,0,0,0,0,0,0,0,0,0,0,0,0,0,0,0,0,0,0,0,0,0,0,0,0,0,0,0,0,0,0,0,0,0
145,40,female,Kenya,1,RO,2018-11-27 11:59:32.009660+00:00,2018-11-27 12:03:47.024607+00:00,7,0,0,0,0,38,12,0,3,0,3,0,5,0,1,0,4,0,1,0,1,0,1,0,3,0,1,0,1,0,5,0,1,0,4,0,1,0,4,0,5,0,1,0,4,0,1
146,30,male,Kenya,4,RXO,2018-11-27 12:04:23.222426+00:00,2018-11-27 12:05:55.024579+00:00,4,0,0,0,0,0,0,0,0,0,0,0,0,0,0,0,0,0,0,0,0,0,0,0,0,0,0,0,0,0,0,0,0,0,0,0,0,0,0,0,0,0,0,0,0,0,0
147,28,male,Kenya,4,ROXO,2018-11-27 13:23:35.385599+00:00,2018-11-27 13:23:35.602065+00:00,2,0,0,0,0,0,0,0,0,0,0,0,0,0,0,0,0,0,0,0,0,0,0,0,0,0,0,0,0,0,0,0,0,0,0,0,0,0,0,0,0,0,0,0,0,0,0
148,29,female,Kenya,4,ROO,2018-11-27 13:30:35.685340+00:00,2018-11-27 13:38:42.371674+00:00,2,0,0,0,0,0,0,0,0,0,0,0,0,0,0,0,0,0,0,0,0,0,0,0,0,0,0,0,0,0,0,0,0,0,0,0,0,0,0,0,0,0,0,0,0,0,0
149,30,female,Kenya,4,ROO,2018-11-27 14:57:17.661032+00:00,2018-11-27 14:59:42.757305+00:00,7,0,0,40,16,40,10,4,4,3,1,4,4,1,1,4,4,2,1,2,1,1,1,4,4,4,4,1,1,3,4,1,1,4,4,1,1,5,4,4,4,2,1,4,4,2,1
150,24,female,United States,5,ROXO,2018-11-27 15:37:14.185411+00:00,2018-11-27 15:46:08.198469+00:00,7,7,417.802836,29,17,22,24,3,1,1,3,4,2,2,4,2,2,2,2,1,1,1,3,3,2,3,2,3,3,3,4,1,1,2,2,2,1,3,3,3,3,2,3,3,1,2,3
151,27,male,United States,5,ROXO,2018-11-27 16:21:43.710473+00:00,2018-11-27 16:30:08.889140+00:00,7,7,407.009915,23,29,23,40,4,2,2,4,3,2,1,4,1,1,5,2,1,5,4,5,4,2,2,2,4,4,2,4,4,4,2,1,4,4,2,4,2,3,2,4,1,2,2,4
152,19,male,United States,5,RXO,2018-11-27 16:46:51.844864+00:00,2018-11-27 16:56:16.913642+00:00,7,7,430.956469,0,0,31,11,0,4,0,1,0,4,0,2,0,1,0,1,0,1,0,1,0,4,0,1,0,1,0,4,0,1,0,4,0,1,0,1,0,4,0,1,0,4,0,1
153,23,female,United States,5,RXO,2018-11-27 17:19:27.386224+00:00,2018-11-27 17:33:39.841107+00:00,7,0,657.292612,0,0,23,26,0,2,0,2,0,2,0,3,0,2,0,4,0,3,0,2,0,3,0,2,0,2,0,3,0,1,0,2,0,2,0,3,0,2,0,3,0,2,0,4
154,37,male,United States,4,RO,2018-11-27 17:31:39.913476+00:00,2018-11-27 17:36:49.544204+00:00,7,0,0,0,0,39,17,0,4,0,2,0,3,0,2,0,5,0,1,0,2,0,1,0,4,0,3,0,2,0,5,0,2,0,4,0,2,0,5,0,4,0,1,0,2,0,2
155,22,female,Kenya,2,ROO,2018-11-27 18:27:05.385454+00:00,2018-11-27 18:33:37.222625+00:00,7,0,0,24,21,26,13,3,3,2,1,1,3,2,1,3,2,2,1,1,2,1,1,2,3,2,2,2,1,2,3,2,1,3,3,4,1,3,3,4,2,3,2,1,2,2,2
156,30,male,United States,5,RO,2018-11-27 18:35:00.840804+00:00,2018-11-27 18:35:01.017288+00:00,3,0,0,0,0,0,0,0,0,0,0,0,0,0,0,0,0,0,0,0,0,0,0,0,0,0,0,0,0,0,0,0,0,0,0,0,0,0,0,0,0,0,0,0,0,0,0
157,28,male,Kenya,4,ROXO,2018-11-27 19:00:23.085248+00:00,2018-12-02 08:57:25.340822+00:00,2,0,0,0,0,0,0,0,0,0,0,0,0,0,0,0,0,0,0,0,0,0,0,0,0,0,0,0,0,0,0,0,0,0,0,0,0,0,0,0,0,0,0,0,0,0,0
158,25,female,Kenya,4,ROO,2018-11-27 19:13:35.571623+00:00,2018-11-27 19:16:51.428782+00:00,7,0,0,42,22,37,10,3,2,3,1,3,5,1,1,4,3,1,1,3,1,1,1,4,5,5,4,1,1,5,4,1,1,4,3,4,1,5,5,5,4,4,1,4,2,3,1
159,32,female,United States,5,RO,2018-11-27 19:20:58.583537+00:00,2018-11-27 19:20:58.730322+00:00,3,0,0,0,0,0,0,0,0,0,0,0,0,0,0,0,0,0,0,0,0,0,0,0,0,0,0,0,0,0,0,0,0,0,0,0,0,0,0,0,0,0,0,0,0,0,0
160,21,female,United States,2,RO,2018-11-27 19:39:59.313334+00:00,2018-11-27 19:41:38.923342+00:00,7,0,0,0,0,40,15,0,4,0,2,0,4,0,1,0,4,0,1,0,1,0,1,0,4,0,4,0,3,0,4,0,1,0,4,0,2,0,4,0,4,0,2,0,4,0,1
161,30,male,Kenya,4,ROXO,2018-11-27 20:25:19.565930+00:00,2018-11-27 20:31:05.122204+00:00,5,0,0,37,29,0,0,4,0,4,0,3,0,2,0,5,0,1,0,2,0,3,0,5,0,4,0,4,0,2,0,1,0,2,0,5,0,5,0,4,0,3,0,3,0,4,0
162,25,female,United States,5,ROO,2018-11-27 21:33:24.735771+00:00,2018-11-27 21:36:14.128306+00:00,7,0,0,33,11,35,10,4,3,1,1,4,4,2,1,4,4,1,1,1,1,1,1,3,4,3,4,1,1,2,0,1,1,2,4,1,1,2,4,5,4,1,1,4,4,1,1
163,25,female,United States,5,RXO,2018-11-27 22:33:02.431724+00:00,2018-11-27 22:44:07.962079+00:00,7,7,555.061233,0,0,25,41,0,2,0,4,0,3,0,5,0,1,0,3,0,4,0,4,0,1,0,1,0,5,0,5,0,4,0,1,0,4,0,5,0,5,0,4,0,1,0,4
164,26,female,United States,5,RXO,2018-11-28 04:42:11.522808+00:00,2018-11-28 04:43:47.236530+00:00,6,0,21.91699,0,0,0,0,0,0,0,0,0,0,0,0,0,0,0,0,0,0,0,0,0,0,0,0,0,0,0,0,0,0,0,0,0,0,0,0,0,0,0,0,0,0,0,0
165,29,female,Kenya,4,ROO,2018-11-28 05:12:06.698587+00:00,2018-11-28 05:12:06.885071+00:00,2,0,0,0,0,0,0,0,0,0,0,0,0,0,0,0,0,0,0,0,0,0,0,0,0,0,0,0,0,0,0,0,0,0,0,0,0,0,0,0,0,0,0,0,0,0,0
166,28,male,Kenya,5,ROXO,2018-11-28 06:23:07.788878+00:00,2018-11-28 06:34:25.159117+00:00,7,7,474.919141,36,30,34,36,4,4,3,4,3,4,4,4,4,2,1,2,2,4,4,4,4,2,1,2,4,4,4,4,1,4,4,4,5,4,4,4,4,4,4,4,4,4,2,2
167,28,male,Kenya,4,ROXO,2018-11-28 06:29:59.111089+00:00,2018-11-28 06:34:51.229156+00:00,5,0,59.386889,44,24,0,0,5,0,3,0,3,0,3,0,4,0,2,0,3,0,1,0,5,0,3,0,4,0,5,0,1,0,5,0,3,0,5,0,4,0,2,0,5,0,2,0
168,1,female,Kenya,1,ROXO,2018-11-28 06:38:28.651824+00:00,2018-11-28 06:38:37.074402+00:00,4,0,0,0,0,0,0,0,0,0,0,0,0,0,0,0,0,0,0,0,0,0,0,0,0,0,0,0,0,0,0,0,0,0,0,0,0,0,0,0,0,0,0,0,0,0,0
169,28,male,Kenya,4,RXO,2018-11-28 06:45:51.263338+00:00,2018-11-28 06:46:57.790792+00:00,5,0,0,0,0,0,0,0,0,0,0,0,0,0,0,0,0,0,0,0,0,0,0,0,0,0,0,0,0,0,0,0,0,0,0,0,0,0,0,0,0,0,0,0,0,0,0
170,27,male,Kenya,4,RXO,2018-11-28 12:26:49.571669+00:00,2018-11-28 12:26:50.065920+00:00,3,0,0,0,0,0,0,0,0,0,0,0,0,0,0,0,0,0,0,0,0,0,0,0,0,0,0,0,0,0,0,0,0,0,0,0,0,0,0,0,0,0,0,0,0,0,0
171,29,female,Kenya,4,RO,2018-11-28 12:51:39.861307+00:00,2018-11-28 12:54:26.668274+00:00,7,0,0,0,0,41,11,0,4,0,1,0,3,0,1,0,5,0,1,0,1,0,1,0,5,0,4,0,2,0,3,0,1,0,4,0,1,0,5,0,5,0,1,0,3,0,1
172,27,male,United States,5,ROO,2018-11-28 17:55:16.490300+00:00,2018-11-28 17:56:46.406160+00:00,6,0,0,46,27,0,0,5,0,4,0,5,0,2,0,4,0,5,0,2,0,1,0,5,0,4,0,5,0,5,0,1,0,4,0,2,0,5,0,4,0,4,0,5,0,1,0
173,25,male,United States,5,ROXO,2018-11-28 18:21:44.676192+00:00,2018-11-28 18:31:04.548242+00:00,7,7,422.522102,35,22,35,20,3,4,3,3,4,4,4,2,4,4,1,2,2,2,1,2,4,3,2,2,3,2,4,4,1,1,3,3,3,2,4,3,4,4,2,2,3,4,2,2
174,22,female,United States,2,ROO,2018-11-28 18:58:51.594524+00:00,2018-11-29 07:30:25.310941+00:00,7,0,0,36,10,31,10,4,3,1,1,4,3,1,1,3,3,1,1,1,1,1,1,4,3,2,3,1,1,3,3,1,1,4,3,1,1,4,3,4,4,1,1,4,3,1,1
175,30,male,United States,5,ROO,2018-11-28 19:59:25.581705+00:00,2018-11-28 20:05:45.065517+00:00,7,0,0,28,39,23,38,4,3,4,5,2,1,5,4,2,3,3,4,4,5,1,1,3,2,2,2,4,3,4,3,5,4,2,2,4,4,4,2,3,3,5,4,2,2,4,4
176,24,female,United States,5,ROXO,2018-11-28 20:49:34.374539+00:00,2018-11-28 21:00:03.152606+00:00,7,7,499.606367,29,24,17,12,4,2,3,1,3,1,2,2,3,3,2,1,4,1,1,1,3,1,2,3,1,2,4,2,2,1,2,1,4,1,4,1,2,2,1,1,2,1,4,1
177,27,female,United States,4,RXO,2018-11-28 21:01:13.055331+00:00,2018-11-28 21:12:14.478410+00:00,7,7,612.259484,0,0,30,35,0,5,0,4,0,1,0,5,0,3,0,1,0,5,0,4,0,1,0,3,0,4,0,4,0,1,0,1,0,3,0,4,0,5,0,4,0,3,0,4
178,29,male,United States,5,ROO,2018-11-28 22:01:26.384674+00:00,2018-11-28 22:03:30.178583+00:00,6,0,0,28,25,0,0,3,0,2,0,3,0,2,0,2,0,1,0,5,0,1,0,3,0,2,0,4,0,3,0,1,0,3,0,2,0,3,0,3,0,2,0,3,0,5,0
179,26,female,United States,4,ROXO,2018-11-28 22:15:53.358772+00:00,2018-11-28 22:19:20.954853+00:00,5,0,0,23,20,0,0,2,0,2,0,2,0,4,0,2,0,1,0,2,0,1,0,2,0,1,0,1,0,4,0,1,0,2,0,4,0,2,0,3,0,2,0,3,0,2,0
180,20,male,United States,4,RO,2018-11-28 23:19:55.295259+00:00,2018-11-28 23:22:01.599089+00:00,7,0,0,0,0,39,22,0,5,0,3,0,4,0,1,0,4,0,3,0,3,0,1,0,4,0,4,0,2,0,3,0,1,0,3,0,4,0,4,0,4,0,3,0,4,0,1
181,20,male,United States,4,ROO,2018-11-28 23:22:44.788428+00:00,2018-11-28 23:25:30.495574+00:00,7,0,0,37,20,37,19,5,4,2,2,4,3,1,1,4,4,3,3,2,1,1,1,4,4,4,5,2,2,3,3,1,1,3,3,4,4,4,4,3,4,3,2,3,3,1,2
182,13,female,United States,6,ROO,2018-11-28 23:51:31.941694+00:00,2018-11-28 23:54:42.302248+00:00,7,0,0,31,27,26,22,3,2,4,2,3,3,3,3,3,2,1,1,3,3,1,1,3,3,2,2,2,2,3,3,1,1,3,2,4,3,4,3,3,3,4,3,4,3,4,3
183,26,male,United States,5,RXO,2018-11-29 00:15:55.297598+00:00,2018-11-29 00:25:47.460397+00:00,7,0,528.672435,0,0,14,18,0,1,0,2,0,1,0,3,0,1,0,1,0,1,0,3,0,1,0,1,0,4,0,1,0,1,0,1,0,1,0,3,0,3,0,1,0,1,0,1
184,53,female,India,5,RO,2018-11-29 00:38:56.942583+00:00,2018-11-29 00:38:57.100272+00:00,3,0,0,0,0,0,0,0,0,0,0,0,0,0,0,0,0,0,0,0,0,0,0,0,0,0,0,0,0,0,0,0,0,0,0,0,0,0,0,0,0,0,0,0,0,0,0
185,20,female,United States,4,ROO,2018-11-29 01:03:29.267279+00:00,2018-11-29 01:06:14.970025+00:00,7,0,0,28,30,29,19,4,4,5,4,2,2,4,3,1,3,3,1,3,1,3,1,4,2,4,3,2,2,1,3,2,1,3,3,2,1,4,3,3,3,3,3,2,3,3,2
186,29,female,United States,5,ROXO,2018-11-29 01:25:57.739443+00:00,2018-11-29 01:36:14.587534+00:00,7,7,451.072428,28,21,26,27,4,3,2,3,3,1,2,4,3,5,1,1,1,2,5,5,3,2,2,1,4,5,3,3,2,1,2,3,2,3,1,3,3,3,1,1,4,2,1,2
187,23,male,United States,4,ROO,2018-11-29 03:02:29.439781+00:00,2018-11-29 03:04:40.143603+00:00,7,0,0,28,32,22,18,2,1,4,2,3,1,4,1,4,3,2,1,3,3,3,3,3,2,1,3,5,2,2,2,2,1,3,3,2,3,3,2,4,2,4,1,3,3,3,1
188,29,female,Kenya,4,ROO,2018-11-29 03:21:45.734252+00:00,2018-11-29 03:25:06.714248+00:00,7,0,0,50,12,50,10,5,5,1,1,5,5,1,1,5,5,1,1,1,1,1,1,5,5,5,5,1,1,5,5,2,1,5,5,1,1,5,5,5,5,2,1,5,5,1,1
189,29,female,Kenya,4,RXO,2018-11-29 03:25:24.700695+00:00,2018-11-29 03:33:56.741614+00:00,7,0,452.217667,0,0,50,10,0,5,0,1,0,5,0,1,0,5,0,1,0,1,0,1,0,5,0,5,0,1,0,5,0,1,0,5,0,1,0,5,0,5,0,1,0,5,0,1
190,35,male,United States,5,ROXO,2018-11-29 03:49:28.222985+00:00,2018-11-29 03:53:21.650079+00:00,7,0,58.266221,22,19,20,23,2,2,2,2,2,2,2,2,2,2,1,2,1,2,1,2,3,2,2,2,4,5,2,2,1,2,3,2,2,2,2,2,2,2,2,2,2,2,3,2
191,30,female,United States,5,RXO,2018-11-29 03:54:20.170673+00:00,2018-11-29 05:28:30.875420+00:00,7,0,67.235605,0,0,30,30,0,3,0,3,0,3,0,3,0,3,0,3,0,3,0,3,0,3,0,3,0,3,0,3,0,3,0,3,0,3,0,3,0,3,0,3,0,3,0,3
192,26,male,United States,5,ROO,2018-11-29 03:54:44.344627+00:00,2018-11-29 03:58:49.028561+00:00,7,0,0,26,35,20,31,4,2,3,4,2,2,5,4,1,2,5,5,2,2,4,3,3,2,1,2,4,3,4,2,5,4,3,2,3,2,2,2,3,2,2,2,3,2,2,2
193,26,male,United States,5,ROXO,2018-11-29 04:14:23.794968+00:00,2018-11-29 04:23:19.424129+00:00,7,0,436.326488,39,15,25,22,4,4,1,3,4,1,1,3,4,3,2,2,1,1,1,3,4,1,4,1,2,3,4,4,2,1,4,1,2,1,4,4,4,4,2,4,3,2,1,1
194,25,male,United States,4,ROO,2018-11-29 04:59:01.894628+00:00,2018-11-29 05:02:21.450933+00:00,7,0,0,28,24,28,20,2,2,4,2,2,2,2,3,3,3,3,2,3,2,1,1,2,2,3,3,3,3,4,4,1,1,1,2,3,2,3,3,4,4,2,2,4,3,2,2
195,27,male,Kenya,4,ROXO,2018-11-29 05:30:29.870603+00:00,2018-11-29 05:42:39.867996+00:00,7,0,471.144046,37,10,29,27,5,5,1,2,3,1,1,4,2,2,1,3,1,4,1,1,5,3,1,1,1,2,4,4,1,3,4,3,1,4,4,2,5,4,1,1,4,4,1,3
196,24,female,Kenya,4,ROO,2018-11-29 05:55:17.516854+00:00,2018-11-29 05:57:40.826404+00:00,7,0,0,26,27,25,10,2,3,4,1,3,3,4,1,3,3,2,1,5,1,2,1,3,3,2,3,1,1,4,1,1,1,2,2,2,1,2,3,3,3,2,1,2,1,4,1
197,26,female,United States,5,ROO,2018-11-29 06:15:59.946015+00:00,2018-11-29 06:19:01.635482+00:00,7,0,0,24,13,26,10,3,1,1,1,4,4,1,1,1,2,1,1,1,1,1,1,2,2,3,4,2,1,3,3,1,1,1,1,3,1,1,3,3,3,1,1,3,3,1,1
198,24,female,United States,5,ROXO,2018-11-29 06:32:52.367720+00:00,2018-11-29 07:00:54.270949+00:00,5,0,0,34,22,0,0,4,0,2,0,4,0,3,0,3,0,2,0,2,0,2,0,5,0,3,0,2,0,3,0,2,0,2,0,2,0,3,0,4,0,2,0,3,0,3,0
199,22,female,India,5,ROO,2018-11-29 07:03:18.977021+00:00,2018-11-29 07:05:28.696652+00:00,7,0,0,40,22,38,21,5,4,2,2,4,3,1,2,4,1,2,2,2,2,2,3,3,4,3,4,1,1,3,4,1,1,5,5,3,2,4,4,5,5,4,4,4,4,4,2
200,22,female,Kenya,4,ROXO,2018-11-29 07:19:36.880218+00:00,2018-11-29 07:22:50.175750+00:00,5,6,34.93414,32,17,0,0,1,0,3,0,4,0,1,0,4,0,1,0,4,0,1,0,4,0,5,0,1,0,2,0,1,0,3,0,2,0,3,0,4,0,1,0,2,0,2,0
201,54,female,India,4,ROXO,2018-11-29 09:08:36.898065+00:00,2018-11-29 09:18:35.655000+00:00,6,7,383.314271,39,26,0,0,5,0,4,0,4,0,2,0,4,0,2,0,3,0,4,0,4,0,1,0,2,0,4,0,1,0,3,0,4,0,5,0,4,0,1,0,5,0,3,0
202,29,male,Kenya,4,ROO,2018-11-29 09:12:21.257112+00:00,2018-11-29 09:12:21.445698+00:00,2,0,0,0,0,0,0,0,0,0,0,0,0,0,0,0,0,0,0,0,0,0,0,0,0,0,0,0,0,0,0,0,0,0,0,0,0,0,0,0,0,0,0,0,0,0,0
203,29,female,Kenya,4,RO,2018-11-29 09:13:38.585967+00:00,2018-11-29 09:13:38.811652+00:00,3,0,0,0,0,0,0,0,0,0,0,0,0,0,0,0,0,0,0,0,0,0,0,0,0,0,0,0,0,0,0,0,0,0,0,0,0,0,0,0,0,0,0,0,0,0,0
204,24,female,Kenya,4,ROXO,2018-11-29 09:13:50.903585+00:00,2018-11-29 16:14:20.741561+00:00,7,7,24735.092758,33,18,39,10,4,5,1,1,3,5,1,1,4,3,1,1,1,1,2,1,5,3,2,2,5,1,2,5,1,1,5,5,2,1,3,5,2,3,1,1,3,3,3,1
205,29,male,Kenya,4,ROO,2018-11-29 09:14:03.084878+00:00,2018-11-29 09:14:03.342115+00:00,2,0,0,0,0,0,0,0,0,0,0,0,0,0,0,0,0,0,0,0,0,0,0,0,0,0,0,0,0,0,0,0,0,0,0,0,0,0,0,0,0,0,0,0,0,0,0
206,29,male,Kenya,4,RO,2018-11-29 09:21:21.677017+00:00,2018-11-29 09:25:48.494190+00:00,7,0,0,0,0,36,15,0,3,0,1,0,3,0,1,0,4,0,1,0,1,0,2,0,4,0,3,0,1,0,4,0,1,0,3,0,3,0,4,0,4,0,3,0,4,0,1
207,21,male,Kenya,4,ROXO,2018-11-29 09:26:23.520659+00:00,2018-11-29 09:36:00.593978+00:00,7,7,434.313152,24,24,10,12,2,1,4,1,1,1,4,3,4,1,1,1,1,1,1,1,1,1,4,1,4,1,4,1,2,1,5,1,3,1,1,1,1,1,3,1,1,1,1,1
208,27,female,Kenya,4,RO,2018-11-29 10:07:54.305059+00:00,2018-11-29 10:12:02.702641+00:00,7,0,0,0,0,24,19,0,3,0,1,0,1,0,2,0,2,0,2,0,1,0,1,0,3,0,1,0,4,0,3,0,1,0,2,0,2,0,3,0,3,0,3,0,3,0,2
209,23,female,Kenya,4,RO,2018-11-29 11:07:43.430386+00:00,2018-11-29 11:09:55.748164+00:00,7,0,0,0,0,25,18,0,3,0,4,0,3,0,2,0,2,0,1,0,2,0,1,0,3,0,3,0,3,0,2,0,1,0,2,0,1,0,2,0,2,0,1,0,3,0,2
210,1,male,Kenya,5,ROO,2018-11-29 12:15:54.695566+00:00,2018-11-29 12:15:54.948016+00:00,2,0,0,0,0,0,0,0,0,0,0,0,0,0,0,0,0,0,0,0,0,0,0,0,0,0,0,0,0,0,0,0,0,0,0,0,0,0,0,0,0,0,0,0,0,0,0
211,28,female,Kenya,4,RO,2018-11-29 15:06:27.937071+00:00,2018-11-29 15:09:17.920455+00:00,7,0,0,0,0,23,15,0,2,0,2,0,1,0,1,0,4,0,1,0,2,0,1,0,1,0,1,0,1,0,3,0,1,0,3,0,2,0,4,0,2,0,2,0,2,0,2
212,26,female,India,5,ROO,2018-11-29 15:26:22.568715+00:00,2018-11-29 15:29:00.579658+00:00,7,0,0,30,42,33,24,3,4,4,2,2,2,4,3,3,4,4,1,5,3,3,1,4,3,2,2,4,3,3,3,4,3,4,4,5,4,4,4,3,4,4,2,2,3,5,2
213,26,male,United States,5,ROXO,2018-11-29 16:51:47.890113+00:00,2018-11-29 16:55:41.285387+00:00,7,0,123.743595,23,12,10,10,3,1,1,1,2,1,2,1,2,1,1,1,1,1,1,1,3,1,2,1,2,1,1,1,1,1,2,1,1,1,4,1,2,1,1,1,2,1,1,1
214,20,female,United States,2,RO,2018-11-29 17:44:19.269152+00:00,2018-11-29 17:45:44.629395+00:00,7,0,0,0,0,12,11,0,2,0,2,0,1,0,1,0,1,0,1,0,1,0,1,0,1,0,1,0,1,0,1,0,1,0,1,0,1,0,1,0,2,0,1,0,1,0,1
215,35,female,United States,4,RO,2018-11-29 17:55:40.739527+00:00,2018-11-29 17:59:13.780553+00:00,7,0,0,0,0,22,20,0,2,0,4,0,1,0,1,0,2,0,1,0,2,0,1,0,1,0,3,0,4,0,2,0,1,0,2,0,2,0,3,0,3,0,1,0,3,0,3
216,26,male,Kenya,4,ROXO,2018-11-29 18:11:12.152482+00:00,2018-11-29 18:14:21.091685+00:00,4,0,0,26,21,0,0,4,0,3,0,2,0,2,0,2,0,3,0,3,0,1,0,2,0,3,0,2,0,2,0,1,0,2,0,3,0,5,0,2,0,1,0,2,0,2,0
217,50,female,United States,5,ROXO,2018-11-29 18:25:53.162577+00:00,2018-11-29 18:25:53.418333+00:00,2,0,0,0,0,0,0,0,0,0,0,0,0,0,0,0,0,0,0,0,0,0,0,0,0,0,0,0,0,0,0,0,0,0,0,0,0,0,0,0,0,0,0,0,0,0,0
218,42,male,United States,5,ROXO,2018-11-29 19:23:50.078364+00:00,2018-11-29 19:39:08.280110+00:00,7,7,522.670508,42,13,42,10,5,5,2,1,4,4,1,1,4,4,1,1,1,1,2,1,4,4,5,4,1,1,3,4,1,1,4,4,2,1,4,4,5,5,1,1,4,4,1,1
219,37,male,United States,5,ROO,2018-11-29 19:56:35.725792+00:00,2018-11-29 19:58:02.543120+00:00,7,0,0,23,10,20,10,2,3,1,1,1,1,1,1,3,3,1,1,1,1,1,1,3,1,1,1,1,1,2,2,1,1,2,1,1,1,2,3,3,2,1,1,4,3,1,1
220,35,female,United States,5,ROO,2018-11-29 21:21:01.824379+00:00,2018-11-29 21:22:59.130559+00:00,7,0,0,24,16,22,10,4,3,1,1,1,1,1,1,4,4,4,1,1,1,3,1,2,1,3,1,2,1,2,3,1,1,2,1,1,1,3,3,2,3,1,1,1,2,1,1
221,34,male,United States,5,ROXO,2018-11-29 21:26:06.480273+00:00,2018-11-29 21:27:02.736837+00:00,3,0,0,50,10,0,0,5,0,1,0,5,0,1,0,5,0,1,0,1,0,1,0,5,0,5,0,1,0,5,0,1,0,5,0,1,0,5,0,5,0,1,0,5,0,1,0
222,69,female,United States,6,RO,2018-11-29 21:29:37.877456+00:00,2018-11-29 21:29:38.567625+00:00,3,0,0,0,0,0,0,0,0,0,0,0,0,0,0,0,0,0,0,0,0,0,0,0,0,0,0,0,0,0,0,0,0,0,0,0,0,0,0,0,0,0,0,0,0,0,0
223,69,female,United States,6,ROXO,2018-11-29 21:29:40.126495+00:00,2018-11-29 21:29:40.785492+00:00,2,0,0,0,0,0,0,0,0,0,0,0,0,0,0,0,0,0,0,0,0,0,0,0,0,0,0,0,0,0,0,0,0,0,0,0,0,0,0,0,0,0,0,0,0,0,0
224,34,male,United States,4,ROO,2018-11-29 21:58:01.310398+00:00,2018-11-29 22:02:05.917073+00:00,7,0,0,35,16,36,14,4,4,1,1,3,4,3,1,3,3,1,1,2,1,1,1,3,1,4,4,2,2,3,4,1,1,4,4,3,2,4,4,4,4,1,3,3,4,1,1
225,27,female,United States,5,ROXO,2018-11-29 22:03:45.208523+00:00,2018-11-29 22:08:37.831043+00:00,7,7,149.18153,25,24,24,25,2,2,4,3,1,1,4,4,3,3,2,2,2,3,3,3,1,2,2,1,2,1,2,2,2,2,4,4,2,3,4,4,3,3,1,1,3,2,2,3
226,65,male,India,4,ROXO,2018-11-29 23:20:58.142795+00:00,2018-11-29 23:26:20.445940+00:00,4,0,0,44,12,0,0,4,0,1,0,4,0,1,0,5,0,1,0,2,0,1,0,4,0,4,0,2,0,4,0,1,0,4,0,1,0,5,0,5,0,1,0,5,0,1,0
227,24,male,United States,4,RO,2018-11-30 00:31:53.054863+00:00,2018-11-30 00:33:14.865718+00:00,6,0,0,0,0,0,0,0,0,0,0,0,0,0,0,0,0,0,0,0,0,0,0,0,0,0,0,0,0,0,0,0,0,0,0,0,0,0,0,0,0,0,0,0,0,0,0
228,24,male,United States,4,RO,2018-11-30 00:33:47.511864+00:00,2018-11-30 00:34:28.609193+00:00,6,0,0,0,0,0,0,0,0,0,0,0,0,0,0,0,0,0,0,0,0,0,0,0,0,0,0,0,0,0,0,0,0,0,0,0,0,0,0,0,0,0,0,0,0,0,0
229,37,male,United States,5,ROXO,2018-11-30 01:48:22.543378+00:00,2018-11-30 01:57:19.500655+00:00,7,0,383.603021,41,24,26,22,4,3,3,3,4,4,1,3,4,2,1,3,3,2,1,2,5,2,4,1,2,2,4,3,3,2,5,2,4,2,5,2,4,3,3,1,2,4,3,2
230,62,female,United States,5,RXO,2018-11-30 02:04:47.757396+00:00,2018-11-30 02:13:17.012705+00:00,7,7,99.601431,0,0,15,33,0,1,0,5,0,1,0,4,0,1,0,1,0,4,0,1,0,1,0,1,0,5,0,2,0,2,0,3,0,3,0,3,0,1,0,3,0,1,0,5
231,29,male,Kenya,4,ROXO,2018-11-30 06:10:20.449271+00:00,2018-11-30 06:21:59.061045+00:00,7,7,480.593975,42,15,33,10,3,2,1,1,4,2,1,1,4,5,5,1,1,1,1,1,5,4,5,3,1,1,3,2,1,1,5,2,2,1,5,4,5,5,1,1,3,4,1,1
232,23,female,United States,4,ROXO,2018-11-30 07:58:14.802914+00:00,2018-11-30 08:09:57.683992+00:00,7,7,488.090133,29,17,28,17,4,5,2,2,3,2,2,4,3,3,2,1,1,1,1,2,2,2,2,3,2,3,3,3,3,1,3,2,2,1,3,2,4,4,1,1,2,2,1,1
233,26,female,India,5,ROXO,2018-11-30 17:20:26.017566+00:00,2018-11-30 17:24:23.492166+00:00,5,0,0,33,20,0,0,3,0,4,0,4,0,2,0,4,0,1,0,2,0,1,0,4,0,3,0,3,0,4,0,1,0,3,0,2,0,3,0,1,0,2,0,4,0,2,0
234,30,female,Kenya,5,RXO,2018-12-01 01:27:03.946794+00:00,2018-12-01 01:27:05.029311+00:00,3,0,0,0,0,0,0,0,0,0,0,0,0,0,0,0,0,0,0,0,0,0,0,0,0,0,0,0,0,0,0,0,0,0,0,0,0,0,0,0,0,0,0,0,0,0,0
235,29,male,Kenya,4,ROXO,2018-12-01 20:02:47.195437+00:00,2018-12-01 20:15:11.829634+00:00,7,7,522.521684,26,29,24,28,3,3,4,3,2,2,1,1,3,3,4,4,4,4,1,1,3,2,1,1,3,3,2,2,3,4,3,3,4,3,4,4,2,2,1,1,3,2,4,4
236,31,female,United States,5,ROO,2018-12-01 22:11:14.055629+00:00,2018-12-01 22:11:36.219292+00:00,2,0,0,0,0,0,0,0,0,0,0,0,0,0,0,0,0,0,0,0,0,0,0,0,0,0,0,0,0,0,0,0,0,0,0,0,0,0,0,0,0,0,0,0,0,0,0
237,31,female,United States,5,ROO,2018-12-01 22:11:45.002870+00:00,2018-12-01 22:14:43.680753+00:00,7,0,0,26,18,22,11,3,2,2,2,3,1,2,1,4,4,3,1,1,1,1,1,2,2,2,3,4,1,1,1,1,1,2,2,1,1,4,3,1,2,2,1,4,2,1,1
238,21,female,Kenya,2,RXO,2018-12-03 15:10:17.678786+00:00,2018-12-03 15:21:19.464725+00:00,7,7,500.732825,0,0,39,22,0,5,0,3,0,3,0,1,0,3,0,3,0,2,0,1,0,3,0,1,0,3,0,5,0,2,0,5,0,3,0,4,0,5,0,0,0,5,0,4
239,18,male,United States,4,ROO,2018-12-03 23:35:58.617937+00:00,2018-12-03 23:37:51.428699+00:00,7,0,0,34,17,32,10,4,4,2,1,3,1,2,1,3,4,1,1,1,1,1,1,4,4,3,4,2,1,4,4,1,1,3,1,4,1,4,3,4,4,1,1,2,3,2,1
